"id","title","description","availability","condition","price","link","image_link","additional_image_link","additional_image_link","brand","custom_label_0"
"hijab-pashmina","Hijab Pashmina Premium","Bahan rayon korea adem, jatuh, dan tidak menerawang. Cocok untuk harian, kerja, maupun acara. Lebar 180 x 75 cm, jahitan rapi. Pilihan: Cream, Dusty Rose, Sage, Mocha, Hitam","in stock","new","85000 IDR","https://sentot.my.id/?produk=hijab-pashmina","https://sentot.my.id/assets/img/hijab.jpg","","","SOFIA COLLECTION","Pakaian Muslim"
"gamis-abaya","Gamis Syar'i Abaya Mutiara (Bordir Emas)","Abaya bahan nida premium, tebal tapi tidak panas, bordir emas di lengan. Potongan longgar dan sopan, nyaman untuk ibadah & kegiatan sehari-hari. Pilihan: S, M, L, XL, XXL","in stock","new","285000 IDR","https://sentot.my.id/?produk=gamis-abaya","https://sentot.my.id/assets/img/abaya.jpg","https://sentot.my.id/assets/img/gamis-abaya-b.jpg","https://sentot.my.id/assets/img/gamis-abaya-c.jpg","SOFIA COLLECTION","Pakaian Muslim"
"koko-basic","Koko Basic Premium Pria","Koko lengan panjang bahan katun premium, bordir halus di kerah. Adem, tidak mudah kusut, cocok untuk sholat Jumat sampai acara formal. Pilihan: M, L, XL, XXL, Putih, Hitam, Navy","in stock","new","165000 IDR","https://sentot.my.id/?produk=koko-basic","https://sentot.my.id/assets/img/koko.jpg","https://sentot.my.id/assets/img/koko-basic-b.jpg","https://sentot.my.id/assets/img/koko-basic-c.jpg","SOFIA COLLECTION","Pakaian Muslim"
"mukena-travel","Mukena Travel Lady Amira + Tas","Mukena travel ringan dengan renda halus, dilengkapi tas jinjing. Dilipat rapi sehingga mudah dibawa saat perjalanan atau disimpan di tas kerja. Pilihan: Lilac, Cream, Dusty Pink, Hitam","in stock","new","195000 IDR","https://sentot.my.id/?produk=mukena-travel","https://sentot.my.id/assets/img/mukena.jpg","","","SOFIA COLLECTION","Pakaian Muslim"
"paket-umroh","Paket Perlengkapan Umroh Lengkap (9 Item)","Isi: kain ihram/mukena, sajadah travel, tasbih, Al-Qur'an kecil, id card & lanyard, kantong sepatu, tas perlengkapan, buku panduan manasik, dan pouch kecil. Siap dipakai berangkat. Pilihan: Pria, Wanita","in stock","new","750000 IDR","https://sentot.my.id/?produk=paket-umroh","https://sentot.my.id/assets/img/umroh-set.jpg","https://sentot.my.id/assets/img/paket-umroh-c.webp","","SOFIA COLLECTION","Perlengkapan Ibadah, Haji & Umroh"
"tas-travel-haji","Tas Travel Haji & Umroh Premium","Bahan kanvas tebal anti air, resleting YKK, banyak kompartemen. Bisa dipakai kabin dan tersedia strap tambahan untuk sajadah/gulungan. Pilihan: Hijau Tua, Hitam, Cokelat","in stock","new","320000 IDR","https://sentot.my.id/?produk=tas-travel-haji","https://sentot.my.id/assets/img/travelbag.jpg","","","SOFIA COLLECTION","Perlengkapan Ibadah, Haji & Umroh"
"sajadah-tasbih","Sajadah Travel Premium + Tasbih Kayu","Sajadah bulu halus dengan busa tipis, tidak sakit saat dipakai di lantai keras. Bonus tasbih kayu 33 butir dengan tali rapi. Pilihan: Motif Masjid, Motif Bunga, Polos Cream","in stock","new","95000 IDR","https://sentot.my.id/?produk=sajadah-tasbih","https://sentot.my.id/assets/img/umroh-set.jpg","","","SOFIA COLLECTION","Perlengkapan Ibadah, Haji & Umroh"
"ihram-sabuk","Kain Ihram + Sabuk Haji Pria","Kain ihram katun tebal nyaman dipakai, dilengkapi sabuk/kantong uang haji anti air. Aman untuk menyimpan uang, kartu, dan dokumen penting. Pilihan: Standar, Jumbo","in stock","new","150000 IDR","https://sentot.my.id/?produk=ihram-sabuk","https://sentot.my.id/assets/img/ihram-sabuk-b.jpg","","","SOFIA COLLECTION","Perlengkapan Ibadah, Haji & Umroh"
"sarung-wadimor","Sarung Wadimor Katun Premium","Sarung wadimor katun halus, adem dan tidak licin saat dipakai sholat. Tersedia warna polos dan motif kotak, nyaman untuk harian maupun acara. Pilihan: Hijau, Navy, Maroon, Cokelat, Motif Kotak","in stock","new","175000 IDR","https://sentot.my.id/?produk=sarung-wadimor","https://sentot.my.id/assets/img/sarung-wadimor.jpg","https://sentot.my.id/assets/img/sarung-wadimor-b.jpg","https://sentot.my.id/assets/img/sarung-wadimor-c.jpg","SOFIA COLLECTION","Pakaian Muslim"
"sarung-satin","Sarung Satin Sutra Motif (Edisi Bagus)","Sarung satin mengkilap dengan motif tenun halus, jatuh rapi dan mewah. Pilihan tepat untuk sholat Jumat, kondangan, atau hadiah untuk ayah dan kakek. Pilihan: Emas Hijau, Emas Maroon, Emas Hitam","in stock","new","265000 IDR","https://sentot.my.id/?produk=sarung-satin","https://sentot.my.id/assets/img/sarung-satin.jpg","https://sentot.my.id/assets/img/sarung-satin-b.webp","","SOFIA COLLECTION","Pakaian Muslim"
"sarung-anak","Sarung Anak Motif Lucu (Ukuran 3-12 th)","Sarung anak warna cerah dengan motif lucu, bahan katun lembut tidak panas. Karet pinggang elastis sehingga mudah dipakai anak sendiri. Pilihan: Biru, Kuning, Mint, Merah, Ukuran 3-6 th, Ukuran 7-12 th","in stock","new","85000 IDR","https://sentot.my.id/?produk=sarung-anak","https://sentot.my.id/assets/img/sarung-anak.jpg","","","SOFIA COLLECTION","Pakaian Muslim"
"sajadah-premium","Sajadah Bulu Tebal Premium Motif Masjid","Sajadah bulu tebal 1,5 cm dengan busa empuk, tidak sakit saat dipakai di lantai keras. Motif masjid klasik, bagian bawah anti licin. Pilihan: Hijau Masjid, Maroon, Cokelat, Biru Tua","in stock","new","185000 IDR","https://sentot.my.id/?produk=sajadah-premium","https://sentot.my.id/assets/img/sajadah-premium.jpg","","","SOFIA COLLECTION","Perlengkapan Ibadah, Haji & Umroh"
"sajadah-kado","Sajadah Kado Set (Sajadah + Tasbih + Al-Qur'an)","Paket kado cantik: sajadah bulu halus, tasbih, dan Al-Qur'an kecil dalam kotak dengan pita. Siap diberikan untuk walimah, kelahiran, atau hadiah untuk orang tua. Pilihan: Dusty Rose, Cream, Hijau","in stock","new","275000 IDR","https://sentot.my.id/?produk=sajadah-kado","https://sentot.my.id/assets/img/sajadah-kado.jpg","https://sentot.my.id/assets/img/sajadah-kado-b.jpg","https://sentot.my.id/assets/img/sajadah-kado-c.webp","SOFIA COLLECTION","Perlengkapan Ibadah, Haji & Umroh"
"mukena-premium","Mukena Katun Jepang Premium (Bukan Travel)","Mukena katun jepang tebal dan adem, dengan renda halus serta bordir rapi. Potongan panjang dan lebar, nyaman untuk sholat di rumah maupun di masjid. Pilihan: Putih, Cream, Dusty Pink, Hijau Mint","in stock","new","235000 IDR","https://sentot.my.id/?produk=mukena-premium","https://sentot.my.id/assets/img/mukena-premium.jpg","https://sentot.my.id/assets/img/mukena-premium-b.webp","https://sentot.my.id/assets/img/mukena-premium-c.jpg","SOFIA COLLECTION","Pakaian Muslim"
"mukena-anak","Mukena Anak Motif Bunga (3-12 th)","Mukena anak warna pastel dengan bordir bunga kecil, bahan katun lembut. Ringan dipakai anak dan mudah dibawa ke masjid atau mengaji. Pilihan: Pink, Mint, Ungu, Biru","in stock","new","145000 IDR","https://sentot.my.id/?produk=mukena-anak","https://sentot.my.id/assets/img/mukena-anak.jpg","https://sentot.my.id/assets/img/mukena-anak-b.jpg","https://sentot.my.id/assets/img/mukena-anak-c.jpg","SOFIA COLLECTION","Pakaian Muslim"
"hijab-instan","Hijab Instan Jersey Premium (Bergo)","Hijab instan bahan jersey adem, langsung pakai tanpa peniti dan tidak mudah melorot. Cocok untuk kerja, kuliah, dan aktivitas harian. Pilihan: Cream, Dusty Rose, Hitam, Abu, Navy","in stock","new","55000 IDR","https://sentot.my.id/?produk=hijab-instan","https://sentot.my.id/assets/img/hijab-instan.jpg","https://sentot.my.id/assets/img/hijab-instan-b.jpg","https://sentot.my.id/assets/img/hijab-instan-c.jpg","SOFIA COLLECTION","Pakaian Muslim"
"hijab-voal","Hijab Segi Empat Voal Motif Bunga","Hijab voal segi empat dengan motif bunga halus dan jahitan tepi rapi (baby seam). Tidak menerawang, mudah dibentuk, nyaman dipakai seharian. Pilihan: Dusty Blue, Cream, Mauve, Sage","in stock","new","65000 IDR","https://sentot.my.id/?produk=hijab-voal","https://sentot.my.id/assets/img/hijab-voal.jpg","https://sentot.my.id/assets/img/hijab-voal-b.jpg","https://sentot.my.id/assets/img/hijab-voal-c.jpg","SOFIA COLLECTION","Pakaian Muslim"
"parfum-oud","Parfum Arab Oud Al-Layl 50 ml","Parfum arab konsentrat tinggi (tanpa alkohol), aroma oud hangat dan tahan lama sampai seharian. Botol kaca mewah, cocok untuk hadiah. Pilihan: Oud, Musk, Amber","in stock","new","185000 IDR","https://sentot.my.id/?produk=parfum-oud","https://sentot.my.id/assets/img/parfum-arab.jpg","","","SOFIA COLLECTION","Minyak Wangi & Parfum"
"rollon-6in1","Minyak Wangi Roll-On Series 6 in 1","Minyak wangi roll-on praktis dibawa di tas atau kantong. Enam pilihan aroma: bunga, musk, oud, vanila, melati, dan sandalwood. Bebas alkohol. Pilihan: Isi 6 botol (mix aroma)","in stock","new","75000 IDR","https://sentot.my.id/?produk=rollon-6in1","https://sentot.my.id/assets/img/parfum-rollon.jpg","https://sentot.my.id/assets/img/rollon-6in1-c.webp","","SOFIA COLLECTION","Minyak Wangi & Parfum"
"parfum-musk","Parfum Al-Rehab Floral Musk","Aroma lembut floral-musk yang tidak menyengat, disukai banyak pengguna parfum arab. Cocok untuk aktivitas harian dan setelah sholat. Pilihan: Floral, Musk Putih, Rose","in stock","new","65000 IDR","https://sentot.my.id/?produk=parfum-musk","https://sentot.my.id/assets/img/parfum-rollon.jpg","https://sentot.my.id/assets/img/parfum-musk-c.jpg","","SOFIA COLLECTION","Minyak Wangi & Parfum"
"bakhoor","Bakhoor / Dupa Arab Premium","Wewangian kayu gaharu khas Timur Tengah untuk mengharumkan rumah, ruang tamu, atau kamar. Wangi menenangkan, tahan lama, tanpa bau terbakar. Pilihan: 50 gr, 100 gr","in stock","new","55000 IDR","https://sentot.my.id/?produk=bakhoor","https://sentot.my.id/assets/img/parfum-arab.jpg","https://sentot.my.id/assets/img/bakhoor-b.webp","https://sentot.my.id/assets/img/bakhoor-c.webp","SOFIA COLLECTION","Minyak Wangi & Parfum"
"skincare-glow","Paket Skincare Glow + Body Lotion","Paket hemat: serum pencerah, pelembap, dan body lotion. Tekstur ringan, cepat meresap, membantu kulit tampak lebih cerah dan lembut setelah pemakaian rutin. Pilihan: Kulit Normal, Kulit Kering, Kulit Berminyak","in stock","new","145000 IDR","https://sentot.my.id/?produk=skincare-glow","https://sentot.my.id/assets/img/skincare.jpg","https://sentot.my.id/assets/img/skincare-glow-b.jpg","https://sentot.my.id/assets/img/skincare-glow-c.jpg","SOFIA COLLECTION","Kosmetik & Perawatan Tubuh"
"handbody-spf","Hand & Body Lotion SPF 30","Losion badan dengan perlindungan SPF 30, membantu menjaga kulit tetap lembap dan melindungi dari sinar matahari saat beraktivitas di luar ruangan. Pilihan: 250 ml, 500 ml","in stock","new","48000 IDR","https://sentot.my.id/?produk=handbody-spf","https://sentot.my.id/assets/img/skincare.jpg","https://sentot.my.id/assets/img/handbody-spf-b.jpg","","SOFIA COLLECTION","Kosmetik & Perawatan Tubuh"
"lulur-kopi","Lulur & Body Scrub Kopi Arabika","Scrub alami dari kopi arabika dan madu untuk mengangkat sel kulit mati. Dipakai 2x seminggu, kulit terasa lebih halus dan segar. Pilihan: 250 gr","in stock","new","45000 IDR","https://sentot.my.id/?produk=lulur-kopi","https://sentot.my.id/assets/img/skincare.jpg","https://sentot.my.id/assets/img/lulur-kopi-b.jpg","https://sentot.my.id/assets/img/lulur-kopi-c.webp","SOFIA COLLECTION","Kosmetik & Perawatan Tubuh"
"gift-set-bodycare","Body Care Gift Set (Kado Cantik)","Paket kado berisi sabun, body butter, dan scrub kecil dalam kotak cantik. Cocok untuk hadiah ulang tahun, hantaran, atau seserahan ibu. Pilihan: Blush, Cream, Mix","in stock","new","110000 IDR","https://sentot.my.id/?produk=gift-set-bodycare","https://sentot.my.id/assets/img/skincare.jpg","","","SOFIA COLLECTION","Kosmetik & Perawatan Tubuh"
"misschique-retinol-serum","Misschique Encapsulated Retinol Serum 20 ml","Serum retinol terenkapsulasi 5% + Niacinamide 4% — membantu meremajakan kulit dengan lembut dan minim iritasi. Pilihan: 20 ml","in stock","new","190000 IDR","https://sentot.my.id/?produk=misschique-retinol-serum","https://sentot.my.id/assets/img/cicha/misschique-encapsulated-retinol-serum.jpg","","","SOFIA COLLECTION","Skincare & Kecantikan"
"misschique-peeling-serum","Misschique Peeling Serum 20 ml","Peeling serum multi-acid: 5% AHA · 0,5% BHA · 2% PHA — eksfoliasi lembut, termasuk untuk kulit sensitif. Pilihan: 20 ml","in stock","new","130000 IDR","https://sentot.my.id/?produk=misschique-peeling-serum","https://sentot.my.id/assets/img/cicha/misschique-peeling-serum.jpg","","","SOFIA COLLECTION","Skincare & Kecantikan"
"ichiboss-papaya-soap","ICHIBOSS Papaya Brightening Soap","Sabun perawatan kulit cerah & glowing — membantu mencerahkan, menyamarkan noda hitam dan bekas jerawat, serta melembapkan. Pilihan: 1 pcs","in stock","new","38500 IDR","https://sentot.my.id/?produk=ichiboss-papaya-soap","https://sentot.my.id/assets/img/cicha/ichiboss-papaya-brightening-soap.jpg","","","SOFIA COLLECTION","Skincare & Kecantikan"
"ichiboss-tea-tree-soap","ICHIBOSS Tea Tree Acne Care Soap 50 g","Sabun perawatan kulit berjerawat — melawan bakteri penyebab jerawat, mengurangi minyak, dan menjaga kelembapan kulit. Pilihan: 50 g","in stock","new","38500 IDR","https://sentot.my.id/?produk=ichiboss-tea-tree-soap","https://sentot.my.id/assets/img/cicha/ichiboss-tea-tree-acne-care-soap.jpg","","","SOFIA COLLECTION","Skincare & Kecantikan"
"bavvoc-spray-bubble-gum","Bavvoc Feminine Spray Bubble Gum 10 ml","Spray area kewanitaan bebas alkohol & bebas kimia — pH balance dengan aroma bubble gum yang manis. Pilihan: 10 ml","in stock","new","38500 IDR","https://sentot.my.id/?produk=bavvoc-spray-bubble-gum","https://sentot.my.id/assets/img/cicha/bavvoc-feminine-spray-bubble-gum.jpg","","","SOFIA COLLECTION","Perawatan Kewanitaan"
"bavvoc-spray-strawberry","Bavvoc Feminine Spray Strawberry 10 ml","Spray area kewanitaan bebas alkohol & bebas kimia — pH balance dengan aroma strawberry yang segar. Pilihan: 10 ml","in stock","new","38500 IDR","https://sentot.my.id/?produk=bavvoc-spray-strawberry","https://sentot.my.id/assets/img/cicha/bavvoc-feminine-spray-strawberry.jpg","","","SOFIA COLLECTION","Perawatan Kewanitaan"
"bavvoc-spray-vanilla","Bavvoc Feminine Spray Vanilla 10 ml","Spray area kewanitaan bebas alkohol & bebas kimia — pH balance dengan aroma vanilla yang lembut. Pilihan: 10 ml","in stock","new","39500 IDR","https://sentot.my.id/?produk=bavvoc-spray-vanilla","https://sentot.my.id/assets/img/cicha/bavvoc-feminine-spray-vanilla.jpg","","","SOFIA COLLECTION","Perawatan Kewanitaan"
"bavvoc-feminine-wash","Bavvoc Pure Essence Feminine Wash","Pembersih area kewanitaan dengan 3 bahan aktif + 10 ekstrak alami — pH balance, membantu mencerahkan, dan perlindungan anti bakteri. Pilihan: 1 botol","in stock","new","55780 IDR","https://sentot.my.id/?produk=bavvoc-feminine-wash","https://sentot.my.id/assets/img/cicha/bavvoc-pure-essence-feminine-wash.jpg","","","SOFIA COLLECTION","Perawatan Kewanitaan"
"bavvoc-lumi-veil","Bavvoc Lumi Veil — Soft Care Brighter Arm 10 g","Krim perawatan lembut yang membantu mencerahkan & melembapkan kulit — gentle on skin untuk pemakaian harian. Stok sedang kosong: tetap bisa chat untuk PO atau kabar stok berikutnya. Pilihan: 10 g","out of stock","new","0 IDR","https://sentot.my.id/?produk=bavvoc-lumi-veil","https://sentot.my.id/assets/img/cicha/bavvoc-lumi-veil.jpg","","","SOFIA COLLECTION","Skincare & Kecantikan"
"optimo-toilet-cleaner","ÓPTIMO+ Toilet Cleaner 1000 ml","Penghilang noda membandel, kerak, karat & bekas sabun pada kamar mandi — bersih, higienis, dan berkilau. Pilihan: 1000 ml","in stock","new","62000 IDR","https://sentot.my.id/?produk=optimo-toilet-cleaner","https://sentot.my.id/assets/img/cicha/optimo-toilet-cleaner.jpg","","","SOFIA COLLECTION","Rumah Tangga"
"optimo-oxi-bleach","ÓPTIMO+ Oxi-Bleach 500 gr","Penghilang noda pakaian berbasis oksigen — bersih maksimal, pakaian kembali seperti baru. Pilihan: 500 gr","in stock","new","35000 IDR","https://sentot.my.id/?produk=optimo-oxi-bleach","https://sentot.my.id/assets/img/cicha/optimo-oxi-bleach.jpg","","","SOFIA COLLECTION","Rumah Tangga"
"optimo-multi-spray","ÓPTIMO+ Multi Spray Perfume 60 ml","Penghilang bau tak sedap + pewangi tahan lama untuk helm, sofa, sepatu, bantal, dan permukaan lain. Pilihan: 60 ml","in stock","new","18500 IDR","https://sentot.my.id/?produk=optimo-multi-spray","https://sentot.my.id/assets/img/cicha/optimo-multi-spray-perfume.jpg","","","SOFIA COLLECTION","Rumah Tangga"
"optimo-multi-cleaner","ÓPTIMO+ Multi Cleaner 100 ml","Pembersih noda serbaguna berbentuk busa — cepat, praktis, tanpa dibilas. Pilihan: 100 ml","in stock","new","28000 IDR","https://sentot.my.id/?produk=optimo-multi-cleaner","https://sentot.my.id/assets/img/cicha/optimo-multi-cleaner.jpg","","","SOFIA COLLECTION","Rumah Tangga"
